{"train_time": 1.1328763961791992, "test_auc": 0.9548888888888889, "test_time": 0.007778644561767578, "test_scores": [[0.0, 1.0, 1.1714451313018799], [1.0, 1.0, 1.307626485824585], [2.0, 0.0, 0.3079511523246765], [3.0, 1.0, 1.4725420475006104], [4.0, 1.0, 4.356182098388672], [5.0, 1.0, 1.6775743961334229], [6.0, 1.0, 1.997509479522705], [7.0, 1.0, 1.7150158882141113], [8.0, 1.0, 2.185466766357422], [9.0, 1.0, 3.118441104888916], [10.0, 1.0, 1.0757187604904175], [11.0, 1.0, 1.1498527526855469], [12.0, 1.0, 1.3607097864151], [13.0, 1.0, 0.4737526476383209], [14.0, 1.0, 1.0411386489868164], [15.0, 1.0, 1.731139063835144], [16.0, 1.0, 1.1141324043273926], [17.0, 1.0, 1.6905089616775513], [18.0, 1.0, 0.6057146787643433], [19.0, 1.0, 1.4626646041870117], [20.0, 1.0, 1.1799904108047485], [21.0, 1.0, 1.669968843460083], [22.0, 0.0, 0.5391098260879517], [23.0, 0.0, 0.39081671833992004], [24.0, 1.0, 1.8513494729995728], [25.0, 1.0, 1.4866889715194702], [26.0, 1.0, 1.1592624187469482], [27.0, 1.0, 1.2479090690612793], [28.0, 1.0, 1.1881638765335083], [29.0, 1.0, 1.8576925992965698], [30.0, 1.0, 1.5895981788635254], [31.0, 1.0, 3.2898354530334473], [32.0, 0.0, 0.43034571409225464], [33.0, 1.0, 0.7307796478271484], [34.0, 1.0, 1.4130412340164185], [35.0, 0.0, 0.39051222801208496], [36.0, 1.0, 0.879460334777832], [37.0, 1.0, 1.3436148166656494], [38.0, 1.0, 1.6119858026504517], [39.0, 0.0, 0.669051468372345], [40.0, 1.0, 1.4604465961456299], [41.0, 1.0, 1.1168251037597656], [42.0, 1.0, 1.438098430633545], [43.0, 0.0, 0.8100727796554565], [44.0, 1.0, 4.581146240234375], [45.0, 1.0, 1.1273348331451416], [46.0, 1.0, 1.7131683826446533], [47.0, 1.0, 3.6031341552734375], [48.0, 1.0, 1.1001291275024414], [49.0, 1.0, 2.3424181938171387], [50.0, 1.0, 1.2677669525146484], [51.0, 1.0, 1.306830883026123], [52.0, 1.0, 0.8689255714416504], [53.0, 1.0, 0.9949135780334473], [54.0, 1.0, 1.6014385223388672], [55.0, 1.0, 1.8410637378692627], [56.0, 1.0, 2.8598721027374268], [57.0, 1.0, 2.5814924240112305], [58.0, 1.0, 1.454308271408081], [59.0, 1.0, 0.9191402792930603], [60.0, 1.0, 1.235628604888916], [61.0, 0.0, 0.9181885719299316], [62.0, 1.0, 1.3664262294769287], [63.0, 0.0, 0.37868058681488037], [64.0, 1.0, 1.249380111694336], [65.0, 1.0, 0.9242771863937378], [66.0, 1.0, 2.5642123222351074], [67.0, 1.0, 0.9443010687828064], [68.0, 1.0, 1.4649181365966797], [69.0, 1.0, 1.952291488647461], [70.0, 0.0, 0.6453627347946167], [71.0, 1.0, 1.1603504419326782], [72.0, 1.0, 2.243363380432129], [73.0, 1.0, 1.0625337362289429], [74.0, 1.0, 1.4647114276885986], [75.0, 1.0, 1.892204999923706], [76.0, 1.0, 2.521291494369507], [77.0, 1.0, 1.0690619945526123], [78.0, 1.0, 1.082052230834961], [79.0, 1.0, 1.478571891784668], [80.0, 1.0, 2.1734354496002197], [81.0, 1.0, 1.5893248319625854], [82.0, 1.0, 2.631692409515381], [83.0, 0.0, 0.578021764755249], [84.0, 1.0, 1.1619763374328613], [85.0, 0.0, 1.513399600982666], [86.0, 1.0, 2.016828775405884], [87.0, 0.0, 0.5216935873031616], [88.0, 0.0, 0.19508975744247437], [89.0, 1.0, 1.97487473487854], [90.0, 1.0, 1.4980177879333496], [91.0, 1.0, 1.147874355316162], [92.0, 1.0, 1.03287672996521], [93.0, 1.0, 1.7924004793167114], [94.0, 0.0, 0.9553463459014893], [95.0, 1.0, 1.6390345096588135], [96.0, 1.0, 1.3157016038894653], [97.0, 0.0, 0.5458023548126221], [98.0, 1.0, 1.2728018760681152], [99.0, 1.0, 1.9000089168548584], [100.0, 1.0, 1.0174535512924194], [101.0, 0.0, 0.45491713285446167], [102.0, 1.0, 2.4855422973632812], [103.0, 0.0, 0.3736625909805298], [104.0, 1.0, 1.3264466524124146], [105.0, 0.0, 0.6709091067314148], [106.0, 0.0, 0.8915454149246216], [107.0, 1.0, 1.034489631652832], [108.0, 1.0, 1.3429014682769775], [109.0, 0.0, 0.47141462564468384], [110.0, 1.0, 1.5508055686950684], [111.0, 1.0, 1.3443483114242554], [112.0, 1.0, 1.0541572570800781], [113.0, 1.0, 1.45271635055542], [114.0, 1.0, 1.3005943298339844], [115.0, 1.0, 1.0331298112869263], [116.0, 1.0, 1.3901368379592896], [117.0, 1.0, 1.3012628555297852], [118.0, 1.0, 1.3173493146896362], [119.0, 1.0, 1.0919137001037598], [120.0, 1.0, 1.2275266647338867], [121.0, 1.0, 2.1409456729888916], [122.0, 1.0, 0.845291256904602], [123.0, 1.0, 3.6725902557373047], [124.0, 1.0, 0.9695392847061157], [125.0, 1.0, 1.2177255153656006], [126.0, 1.0, 1.2190098762512207], [127.0, 1.0, 1.1657912731170654], [128.0, 1.0, 2.887030601501465], [129.0, 1.0, 3.0965757369995117], [130.0, 1.0, 1.0867393016815186], [131.0, 1.0, 1.2211428880691528], [132.0, 1.0, 1.2701215744018555], [133.0, 1.0, 1.4998047351837158], [134.0, 1.0, 1.0935636758804321], [135.0, 1.0, 6.1779704093933105], [136.0, 1.0, 0.9674124717712402], [137.0, 1.0, 2.638500690460205], [138.0, 1.0, 1.2777888774871826], [139.0, 1.0, 2.1594815254211426], [140.0, 1.0, 1.6221081018447876], [141.0, 1.0, 1.128051996231079], [142.0, 1.0, 2.765751600265503], [143.0, 1.0, 2.3570399284362793], [144.0, 1.0, 1.301157832145691], [145.0, 1.0, 1.193376064300537], [146.0, 1.0, 1.089193344116211], [147.0, 1.0, 1.5381090641021729], [148.0, 0.0, 0.23811125755310059], [149.0, 0.0, 0.6335827112197876], [150.0, 1.0, 2.3365912437438965], [151.0, 0.0, 0.43308374285697937], [152.0, 1.0, 1.4770362377166748], [153.0, 1.0, 3.008619785308838], [154.0, 0.0, 1.286501407623291], [155.0, 0.0, 0.31699466705322266], [156.0, 1.0, 1.4327340126037598], [157.0, 1.0, 1.9312853813171387], [158.0, 0.0, 0.5836876630783081], [159.0, 1.0, 1.3915297985076904], [160.0, 1.0, 1.3196346759796143], [161.0, 1.0, 0.9021612405776978], [162.0, 1.0, 1.871695637702942], [163.0, 1.0, 2.3490405082702637], [164.0, 1.0, 2.2458720207214355], [165.0, 1.0, 3.4318177700042725], [166.0, 1.0, 1.6209287643432617], [167.0, 1.0, 1.0520490407943726], [168.0, 0.0, 0.5848621726036072], [169.0, 1.0, 1.0286121368408203], [170.0, 1.0, 1.2590112686157227], [171.0, 0.0, 0.4691675901412964], [172.0, 1.0, 0.7424737215042114], [173.0, 1.0, 1.084680199623108], [174.0, 1.0, 1.2286112308502197], [175.0, 0.0, 0.5788177251815796], [176.0, 1.0, 1.071823239326477], [177.0, 1.0, 0.8875102996826172], [178.0, 1.0, 1.2539304494857788], [179.0, 1.0, 1.8254520893096924]]}