{"train_time": 1.073988437652588, "test_auc": 0.8667380251538668, "test_time": 0.005339384078979492, "test_scores": [[0.0, 1.0, 2.5484485626220703], [1.0, 1.0, 3.629790782928467], [2.0, 1.0, 1.3011934757232666], [3.0, 1.0, 2.3717517852783203], [4.0, 1.0, 7.478102684020996], [5.0, 1.0, 2.5912070274353027], [6.0, 1.0, 1.727625846862793], [7.0, 1.0, 0.801925003528595], [8.0, 1.0, 8.997163772583008], [9.0, 1.0, 4.972535133361816], [10.0, 1.0, 1.11540949344635], [11.0, 1.0, 1.2292877435684204], [12.0, 1.0, 1.0515562295913696], [13.0, 1.0, 0.7489930391311646], [14.0, 1.0, 2.6638031005859375], [15.0, 1.0, 1.724611520767212], [16.0, 1.0, 1.9479163885116577], [17.0, 1.0, 1.8819451332092285], [18.0, 1.0, 8.610014915466309], [19.0, 1.0, 2.4622955322265625], [20.0, 1.0, 1.0966850519180298], [21.0, 1.0, 1.8858306407928467], [22.0, 1.0, 7.246480941772461], [23.0, 1.0, 1.2992864847183228], [24.0, 1.0, 0.921211302280426], [25.0, 1.0, 3.8671350479125977], [26.0, 1.0, 1.4461486339569092], [27.0, 1.0, 1.9947665929794312], [28.0, 1.0, 0.6987923383712769], [29.0, 1.0, 2.733522415161133], [30.0, 1.0, 0.867348313331604], [31.0, 1.0, 7.1476149559021], [32.0, 1.0, 1.7317612171173096], [33.0, 1.0, 5.316242218017578], [34.0, 0.0, 0.299990177154541], [35.0, 0.0, 2.477296829223633], [36.0, 0.0, 0.41415178775787354], [37.0, 0.0, 1.5450656414031982], [38.0, 0.0, 0.9727475643157959], [39.0, 0.0, 0.9192194938659668], [40.0, 0.0, 0.16779565811157227], [41.0, 0.0, 2.0574960708618164], [42.0, 0.0, 0.4051942825317383], [43.0, 0.0, 0.8675092458724976], [44.0, 0.0, 0.7331815361976624], [45.0, 0.0, 3.370943069458008], [46.0, 0.0, 0.8252967596054077], [47.0, 0.0, 0.49531346559524536], [48.0, 0.0, 0.7916809916496277], [49.0, 0.0, 0.7394275665283203], [50.0, 0.0, 0.58537757396698], [51.0, 0.0, 1.4792423248291016], [52.0, 0.0, 0.6859750747680664], [53.0, 0.0, 2.98898983001709], [54.0, 0.0, 1.223214864730835], [55.0, 0.0, 0.6792970895767212], [56.0, 0.0, 0.7815271615982056], [57.0, 0.0, 0.1968258023262024], [58.0, 0.0, 0.42194584012031555], [59.0, 0.0, 1.162467360496521], [60.0, 0.0, 0.6027951836585999], [61.0, 0.0, 4.463320255279541], [62.0, 0.0, 1.7412030696868896], [63.0, 0.0, 0.4368765950202942], [64.0, 0.0, 2.8531370162963867], [65.0, 0.0, 0.37719741463661194], [66.0, 0.0, 0.46054553985595703], [67.0, 0.0, 1.0800502300262451], [68.0, 0.0, 0.33179569244384766], [69.0, 0.0, 0.510639488697052], [70.0, 0.0, 0.7122974395751953], [71.0, 1.0, 30.68850326538086], [72.0, 1.0, 27.834300994873047], [73.0, 1.0, 4.916568756103516], [74.0, 1.0, 10.176151275634766], [75.0, 1.0, 16.497821807861328], [76.0, 1.0, 6.2041473388671875], [77.0, 1.0, 26.428682327270508], [78.0, 1.0, 7.373908519744873], [79.0, 1.0, 25.158042907714844], [80.0, 1.0, 15.124337196350098], [81.0, 1.0, 31.7667179107666], [82.0, 1.0, 9.255117416381836], [83.0, 1.0, 12.604700088500977], [84.0, 1.0, 41.577239990234375], [85.0, 1.0, 24.34813690185547], [86.0, 1.0, 28.150165557861328], [87.0, 1.0, 13.68183708190918], [88.0, 1.0, 8.05649471282959], [89.0, 1.0, 53.71456527709961], [90.0, 1.0, 16.886947631835938], [91.0, 1.0, 10.490402221679688], [92.0, 1.0, 51.80115509033203], [93.0, 1.0, 27.7115421295166], [94.0, 1.0, 17.937589645385742], [95.0, 1.0, 7.527664661407471], [96.0, 1.0, 19.019004821777344], [97.0, 1.0, 16.341716766357422], [98.0, 1.0, 18.458011627197266], [99.0, 1.0, 19.04245376586914], [100.0, 1.0, 11.305658340454102], [101.0, 1.0, 16.707942962646484], [102.0, 1.0, 18.35454559326172], [103.0, 1.0, 22.267051696777344], [104.0, 1.0, 3.5851168632507324], [105.0, 1.0, 21.733081817626953], [106.0, 1.0, 7.67887020111084], [107.0, 1.0, 12.660076141357422], [108.0, 1.0, 3.7210042476654053], [109.0, 1.0, 3.2982711791992188], [110.0, 1.0, 1.0168811082839966], [111.0, 1.0, 0.7040650248527527], [112.0, 1.0, 1.2854721546173096], [113.0, 1.0, 1.0660309791564941], [114.0, 1.0, 2.6789042949676514], [115.0, 1.0, 1.866782307624817], [116.0, 1.0, 1.1821175813674927], [117.0, 1.0, 1.7332186698913574], [118.0, 1.0, 1.1871473789215088], [119.0, 1.0, 0.6053844690322876], [120.0, 1.0, 1.3440594673156738], [121.0, 1.0, 2.814723491668701], [122.0, 1.0, 1.6761963367462158], [123.0, 1.0, 0.835508406162262], [124.0, 1.0, 0.892867922782898], [125.0, 1.0, 2.030869722366333], [126.0, 1.0, 1.1882247924804688], [127.0, 1.0, 0.9417630434036255], [128.0, 1.0, 1.8367326259613037], [129.0, 1.0, 2.2563958168029785], [130.0, 1.0, 1.9359327554702759], [131.0, 1.0, 0.9471845626831055], [132.0, 1.0, 2.1456472873687744], [133.0, 1.0, 2.2217161655426025], [134.0, 1.0, 2.007209300994873], [135.0, 1.0, 1.3205313682556152], [136.0, 1.0, 1.3670207262039185], [137.0, 1.0, 1.0256104469299316]]}