{"train_time": 0.8233802318572998, "test_auc": 0.7863908275174476, "test_time": 0.003962516784667969, "test_scores": [[0.0, 1.0, 1.3042206764221191], [1.0, 1.0, 1.312698483467102], [2.0, 1.0, 2.5545849800109863], [3.0, 1.0, 1.805604100227356], [4.0, 1.0, 1.8887760639190674], [5.0, 1.0, 2.0770981311798096], [6.0, 1.0, 1.2817922830581665], [7.0, 1.0, 1.473300814628601], [8.0, 1.0, 2.30905818939209], [9.0, 1.0, 1.5317962169647217], [10.0, 1.0, 3.3229732513427734], [11.0, 1.0, 1.3242745399475098], [12.0, 1.0, 1.9928702116012573], [13.0, 1.0, 3.437741279602051], [14.0, 1.0, 0.8413337469100952], [15.0, 1.0, 1.2662198543548584], [16.0, 1.0, 2.0378670692443848], [17.0, 1.0, 1.9331083297729492], [18.0, 1.0, 7.0311384201049805], [19.0, 1.0, 2.104300022125244], [20.0, 1.0, 2.481605052947998], [21.0, 1.0, 4.045126914978027], [22.0, 1.0, 2.7090559005737305], [23.0, 1.0, 1.4954514503479004], [24.0, 1.0, 1.308588981628418], [25.0, 1.0, 2.6308207511901855], [26.0, 1.0, 2.4339795112609863], [27.0, 1.0, 5.399415969848633], [28.0, 1.0, 2.1648948192596436], [29.0, 1.0, 1.244995355606079], [30.0, 1.0, 1.8009123802185059], [31.0, 1.0, 2.954786777496338], [32.0, 1.0, 1.6700419187545776], [33.0, 1.0, 1.8485093116760254], [34.0, 1.0, 3.412304401397705], [35.0, 1.0, 1.830709457397461], [36.0, 1.0, 2.124241828918457], [37.0, 1.0, 1.8107486963272095], [38.0, 1.0, 1.722477912902832], [39.0, 1.0, 1.6847797632217407], [40.0, 1.0, 1.8749072551727295], [41.0, 1.0, 2.1554932594299316], [42.0, 1.0, 2.462747812271118], [43.0, 1.0, 1.5695805549621582], [44.0, 1.0, 1.584842562675476], [45.0, 1.0, 1.0357331037521362], [46.0, 1.0, 1.6950864791870117], [47.0, 1.0, 1.3220853805541992], [48.0, 1.0, 2.309011459350586], [49.0, 1.0, 1.201972246170044], [50.0, 1.0, 1.7556661367416382], [51.0, 1.0, 1.124637246131897], [52.0, 1.0, 1.257108211517334], [53.0, 1.0, 1.8780031204223633], [54.0, 1.0, 1.5861921310424805], [55.0, 1.0, 1.3086836338043213], [56.0, 1.0, 1.540174961090088], [57.0, 1.0, 1.6674230098724365], [58.0, 1.0, 1.651315689086914], [59.0, 1.0, 1.3106873035430908], [60.0, 1.0, 1.6941946744918823], [61.0, 1.0, 1.622053861618042], [62.0, 1.0, 2.2996745109558105], [63.0, 1.0, 1.5479097366333008], [64.0, 1.0, 3.668771266937256], [65.0, 1.0, 1.6272871494293213], [66.0, 1.0, 1.4341020584106445], [67.0, 1.0, 1.5186631679534912], [68.0, 1.0, 6.547562599182129], [69.0, 1.0, 2.1241040229797363], [70.0, 1.0, 3.5324296951293945], [71.0, 1.0, 1.44179105758667], [72.0, 1.0, 1.675840139389038], [73.0, 1.0, 1.4332947731018066], [74.0, 1.0, 1.0761314630508423], [75.0, 1.0, 1.5075730085372925], [76.0, 1.0, 2.2259669303894043], [77.0, 1.0, 2.223684072494507], [78.0, 1.0, 2.0772006511688232], [79.0, 1.0, 0.8283893465995789], [80.0, 1.0, 1.3608708381652832], [81.0, 1.0, 1.6472492218017578], [82.0, 1.0, 2.2129933834075928], [83.0, 1.0, 1.3368124961853027], [84.0, 1.0, 1.087188720703125], [85.0, 1.0, 1.4999120235443115], [86.0, 1.0, 2.336278200149536], [87.0, 1.0, 1.0995240211486816], [88.0, 1.0, 1.7425271272659302], [89.0, 1.0, 1.3440828323364258], [90.0, 1.0, 2.147735595703125], [91.0, 1.0, 1.763859510421753], [92.0, 1.0, 1.2724796533584595], [93.0, 1.0, 3.104883909225464], [94.0, 1.0, 1.7974302768707275], [95.0, 1.0, 1.1435320377349854], [96.0, 1.0, 4.427033424377441], [97.0, 1.0, 1.7496206760406494], [98.0, 1.0, 0.9806652665138245], [99.0, 1.0, 1.2996110916137695], [100.0, 1.0, 2.0790674686431885], [101.0, 1.0, 1.9259493350982666], [102.0, 1.0, 1.6729865074157715], [103.0, 1.0, 1.098063349723816], [104.0, 1.0, 2.2026267051696777], [105.0, 1.0, 2.1279349327087402], [106.0, 1.0, 2.094862937927246], [107.0, 1.0, 1.0536611080169678], [108.0, 1.0, 0.7061354517936707], [109.0, 1.0, 2.5646376609802246], [110.0, 1.0, 1.9027811288833618], [111.0, 1.0, 1.0733836889266968], [112.0, 1.0, 0.7690884470939636], [113.0, 1.0, 0.9690617918968201], [114.0, 1.0, 1.254668951034546], [115.0, 1.0, 1.0430477857589722], [116.0, 1.0, 1.1740944385528564], [117.0, 1.0, 1.9644948244094849], [118.0, 0.0, 1.1226727962493896], [119.0, 0.0, 1.1702847480773926], [120.0, 0.0, 1.0501044988632202], [121.0, 0.0, 0.8089136481285095], [122.0, 0.0, 1.8864448070526123], [123.0, 0.0, 0.5245704650878906], [124.0, 0.0, 0.892235517501831], [125.0, 0.0, 1.9852643013000488], [126.0, 0.0, 1.6716089248657227], [127.0, 0.0, 1.0634546279907227], [128.0, 0.0, 2.039431095123291], [129.0, 0.0, 1.3146557807922363], [130.0, 0.0, 0.838472843170166], [131.0, 0.0, 1.403287649154663], [132.0, 0.0, 1.070815920829773], [133.0, 0.0, 1.7027052640914917], [134.0, 0.0, 1.2397699356079102], [135.0, 0.0, 0.8292387127876282], [136.0, 0.0, 1.0804381370544434], [137.0, 0.0, 1.5599679946899414], [138.0, 0.0, 1.650336503982544], [139.0, 0.0, 0.8998053073883057], [140.0, 0.0, 0.46027567982673645], [141.0, 0.0, 1.2986640930175781], [142.0, 0.0, 0.7586257457733154], [143.0, 0.0, 1.903990626335144], [144.0, 0.0, 0.8907345533370972], [145.0, 0.0, 1.2359005212783813], [146.0, 0.0, 0.5711858868598938], [147.0, 0.0, 0.8151885271072388], [148.0, 0.0, 1.351118564605713], [149.0, 0.0, 2.1133134365081787], [150.0, 0.0, 0.6613283753395081], [151.0, 0.0, 0.870613694190979]]}